{
    "train_std": {
        "population_size_0": 1.9540071390169893,
        "population_size_1": 1.75396468616612,
        "population_size_2": 1.6247729494238379,
        "population_size_3": 1.527644874725527,
        "population_size_4": 1.4421625112198133,
        "population_size_5": 1.3818513497670668,
        "population_size_6": 1.3101824936473174,
        "population_size_7": 1.3027478337112681,
        "population_size_8": 1.3609316741894861,
        "population_size_9": 1.487924414048235,
        "population_size_10": 1.6475824651450865,
        "population_size_11": 1.800611597349843,
        "population_size_12": 1.9370237987248289,
        "population_size_13": 2.049077680303641,
        "population_size_14": 2.1420208465449213,
        "population_size_15": 2.218257989100396,
        "population_size_16": 2.2590808120002674,
        "population_size_17": 2.3049979535132117,
        "population_size_18": 2.3320232061283575,
        "population_size_19": 2.357700694790966,
        "population_size_20": 2.358780451202593
    },
    "train_mean": {
        "population_size_0": 8.702441034448002,
        "population_size_1": 8.787330233220393,
        "population_size_2": 8.91568189441032,
        "population_size_3": 9.033621002068571,
        "population_size_4": 9.125939565211826,
        "population_size_5": 9.197236716529423,
        "population_size_6": 9.237060016778264,
        "population_size_7": 9.232001366569103,
        "population_size_8": 9.150677477713636,
        "population_size_9": 9.034442873982925,
        "population_size_10": 8.863469573254976,
        "population_size_11": 8.699164068609237,
        "population_size_12": 8.51370287492159,
        "population_size_13": 8.3359435978498,
        "population_size_14": 8.167030047527533,
        "population_size_15": 8.012559371737359,
        "population_size_16": 7.881390368456866,
        "population_size_17": 7.7629036841507055,
        "population_size_18": 7.649653210212458,
        "population_size_19": 7.536582107748034,
        "population_size_20": 7.44582367758049
    },
    "num_feature": 50,
    "num_block": 7,
    "seed": 2,
    "network_name": "SPIDNA",
    "cuda_device": null,
    "use_cuda": true,
    "SNP_min": 400,
    "run_name": "pretrained_SPIDNA",
    "param_to_learn": [
        "population_size_0",
        "population_size_1",
        "population_size_2",
        "population_size_3",
        "population_size_4",
        "population_size_5",
        "population_size_6",
        "population_size_7",
        "population_size_8",
        "population_size_9",
        "population_size_10",
        "population_size_11",
        "population_size_12",
        "population_size_13",
        "population_size_14",
        "population_size_15",
        "population_size_16",
        "population_size_17",
        "population_size_18",
        "population_size_19",
        "population_size_20"
    ],
    "network_path": "deepgen/pretrained_SPIDNA/pretrained_SPIDNA_net.pth"
}
